index,category,exercise,png,svg,png_size,background,style
1,Chest,Flat Bench Press,chest/001_flat_bench_press.png,chest/001_flat_bench_press.svg,1024x1024,transparent,redrawn flat 2D vector icon
2,Chest,Incline Bench Press,chest/002_incline_bench_press.png,chest/002_incline_bench_press.svg,1024x1024,transparent,redrawn flat 2D vector icon
3,Chest,Decline Bench Press,chest/003_decline_bench_press.png,chest/003_decline_bench_press.svg,1024x1024,transparent,redrawn flat 2D vector icon
4,Chest,Dumbbell Bench Press,chest/004_dumbbell_bench_press.png,chest/004_dumbbell_bench_press.svg,1024x1024,transparent,redrawn flat 2D vector icon
5,Chest,Incline Dumbbell Press,chest/005_incline_dumbbell_press.png,chest/005_incline_dumbbell_press.svg,1024x1024,transparent,redrawn flat 2D vector icon
6,Chest,Decline Dumbbell Press,chest/006_decline_dumbbell_press.png,chest/006_decline_dumbbell_press.svg,1024x1024,transparent,redrawn flat 2D vector icon
7,Chest,Floor Press,chest/007_floor_press.png,chest/007_floor_press.svg,1024x1024,transparent,redrawn flat 2D vector icon
8,Chest,Chest Fly,chest/008_chest_fly.png,chest/008_chest_fly.svg,1024x1024,transparent,redrawn flat 2D vector icon
9,Chest,Cable Crossover,chest/009_cable_crossover.png,chest/009_cable_crossover.svg,1024x1024,transparent,redrawn flat 2D vector icon
10,Chest,Pec Deck,chest/010_pec_deck.png,chest/010_pec_deck.svg,1024x1024,transparent,redrawn flat 2D vector icon
11,Chest,Push-Up,chest/011_push_up.png,chest/011_push_up.svg,1024x1024,transparent,redrawn flat 2D vector icon
12,Chest,Incline Push-Up,chest/012_incline_push_up.png,chest/012_incline_push_up.svg,1024x1024,transparent,redrawn flat 2D vector icon
13,Chest,Decline Push-Up,chest/013_decline_push_up.png,chest/013_decline_push_up.svg,1024x1024,transparent,redrawn flat 2D vector icon
14,Chest,Dips,chest/014_dips.png,chest/014_dips.svg,1024x1024,transparent,redrawn flat 2D vector icon
15,Chest,Landmine Press,chest/015_landmine_press.png,chest/015_landmine_press.svg,1024x1024,transparent,redrawn flat 2D vector icon
16,Chest,Resistance Band Chest Press,chest/016_resistance_band_chest_press.png,chest/016_resistance_band_chest_press.svg,1024x1024,transparent,redrawn flat 2D vector icon
17,Back,Wide-Grip Lat Pulldown,back/017_wide_grip_lat_pulldown.png,back/017_wide_grip_lat_pulldown.svg,1024x1024,transparent,redrawn flat 2D vector icon
18,Back,Close-Grip Lat Pulldown,back/018_close_grip_lat_pulldown.png,back/018_close_grip_lat_pulldown.svg,1024x1024,transparent,redrawn flat 2D vector icon
19,Back,Straight-Arm Pulldown,back/019_straight_arm_pulldown.png,back/019_straight_arm_pulldown.svg,1024x1024,transparent,redrawn flat 2D vector icon
20,Back,Pull-Up,back/020_pull_up.png,back/020_pull_up.svg,1024x1024,transparent,redrawn flat 2D vector icon
21,Back,Chin-Up,back/021_chin_up.png,back/021_chin_up.svg,1024x1024,transparent,redrawn flat 2D vector icon
22,Back,Bent-Over Row,back/022_bent_over_row.png,back/022_bent_over_row.svg,1024x1024,transparent,redrawn flat 2D vector icon
23,Back,Seated Cable Row,back/023_seated_cable_row.png,back/023_seated_cable_row.svg,1024x1024,transparent,redrawn flat 2D vector icon
24,Back,Dumbbell Row,back/024_dumbbell_row.png,back/024_dumbbell_row.svg,1024x1024,transparent,redrawn flat 2D vector icon
25,Back,Single-Arm Dumbbell Row,back/025_single_arm_dumbbell_row.png,back/025_single_arm_dumbbell_row.svg,1024x1024,transparent,redrawn flat 2D vector icon
26,Back,T-Bar Row,back/026_t_bar_row.png,back/026_t_bar_row.svg,1024x1024,transparent,redrawn flat 2D vector icon
27,Back,Inverted Row,back/027_inverted_row.png,back/027_inverted_row.svg,1024x1024,transparent,redrawn flat 2D vector icon
28,Back,Resistance Band Row,back/028_resistance_band_row.png,back/028_resistance_band_row.svg,1024x1024,transparent,redrawn flat 2D vector icon
29,Back,Renegade Row,back/029_renegade_row.png,back/029_renegade_row.svg,1024x1024,transparent,redrawn flat 2D vector icon
30,Back,Deadlift,back/030_deadlift.png,back/030_deadlift.svg,1024x1024,transparent,redrawn flat 2D vector icon
31,Back,Sumo Deadlift,back/031_sumo_deadlift.png,back/031_sumo_deadlift.svg,1024x1024,transparent,redrawn flat 2D vector icon
32,Back,Rack Pull,back/032_rack_pull.png,back/032_rack_pull.svg,1024x1024,transparent,redrawn flat 2D vector icon
33,Back,Romanian Deadlift (RDL),back/033_romanian_deadlift_rdl.png,back/033_romanian_deadlift_rdl.svg,1024x1024,transparent,redrawn flat 2D vector icon
34,Back,Dumbbell Romanian Deadlift,back/034_dumbbell_romanian_deadlift.png,back/034_dumbbell_romanian_deadlift.svg,1024x1024,transparent,redrawn flat 2D vector icon
35,Back,Stiff-Leg Deadlift (SLDL),back/035_stiff_leg_deadlift_sldl.png,back/035_stiff_leg_deadlift_sldl.svg,1024x1024,transparent,redrawn flat 2D vector icon
36,Back,Good Morning,back/036_good_morning.png,back/036_good_morning.svg,1024x1024,transparent,redrawn flat 2D vector icon
37,Shoulders,Shoulder Press,shoulders/037_shoulder_press.png,shoulders/037_shoulder_press.svg,1024x1024,transparent,redrawn flat 2D vector icon
38,Shoulders,Overhead Press,shoulders/038_overhead_press.png,shoulders/038_overhead_press.svg,1024x1024,transparent,redrawn flat 2D vector icon
39,Shoulders,Arnold Press,shoulders/039_arnold_press.png,shoulders/039_arnold_press.svg,1024x1024,transparent,redrawn flat 2D vector icon
40,Shoulders,Lateral Raise,shoulders/040_lateral_raise.png,shoulders/040_lateral_raise.svg,1024x1024,transparent,redrawn flat 2D vector icon
41,Shoulders,Cable Lateral Raise,shoulders/041_cable_lateral_raise.png,shoulders/041_cable_lateral_raise.svg,1024x1024,transparent,redrawn flat 2D vector icon
42,Shoulders,Front Raise,shoulders/042_front_raise.png,shoulders/042_front_raise.svg,1024x1024,transparent,redrawn flat 2D vector icon
43,Shoulders,Rear Delt Fly,shoulders/043_rear_delt_fly.png,shoulders/043_rear_delt_fly.svg,1024x1024,transparent,redrawn flat 2D vector icon
44,Shoulders,Face Pull,shoulders/044_face_pull.png,shoulders/044_face_pull.svg,1024x1024,transparent,redrawn flat 2D vector icon
45,Shoulders,Resistance Band Face Pull,shoulders/045_resistance_band_face_pull.png,shoulders/045_resistance_band_face_pull.svg,1024x1024,transparent,redrawn flat 2D vector icon
46,Shoulders,Upright Row,shoulders/046_upright_row.png,shoulders/046_upright_row.svg,1024x1024,transparent,redrawn flat 2D vector icon
47,Shoulders,Shrug,shoulders/047_shrug.png,shoulders/047_shrug.svg,1024x1024,transparent,redrawn flat 2D vector icon
48,Shoulders,Pike Push-Up,shoulders/048_pike_push_up.png,shoulders/048_pike_push_up.svg,1024x1024,transparent,redrawn flat 2D vector icon
49,Arms,Bicep Curl,arms/049_bicep_curl.png,arms/049_bicep_curl.svg,1024x1024,transparent,redrawn flat 2D vector icon
50,Arms,Barbell Bicep Curl,arms/050_barbell_bicep_curl.png,arms/050_barbell_bicep_curl.svg,1024x1024,transparent,redrawn flat 2D vector icon
51,Arms,EZ-Bar Bicep Curl,arms/051_ez_bar_bicep_curl.png,arms/051_ez_bar_bicep_curl.svg,1024x1024,transparent,redrawn flat 2D vector icon
52,Arms,Resistance Band Bicep Curl,arms/052_resistance_band_bicep_curl.png,arms/052_resistance_band_bicep_curl.svg,1024x1024,transparent,redrawn flat 2D vector icon
53,Arms,Hammer Curl,arms/053_hammer_curl.png,arms/053_hammer_curl.svg,1024x1024,transparent,redrawn flat 2D vector icon
54,Arms,Preacher Curl,arms/054_preacher_curl.png,arms/054_preacher_curl.svg,1024x1024,transparent,redrawn flat 2D vector icon
55,Arms,Concentration Curl,arms/055_concentration_curl.png,arms/055_concentration_curl.svg,1024x1024,transparent,redrawn flat 2D vector icon
56,Arms,Cable Curl,arms/056_cable_curl.png,arms/056_cable_curl.svg,1024x1024,transparent,redrawn flat 2D vector icon
57,Arms,Spider Curl,arms/057_spider_curl.png,arms/057_spider_curl.svg,1024x1024,transparent,redrawn flat 2D vector icon
58,Arms,Zottman Curl,arms/058_zottman_curl.png,arms/058_zottman_curl.svg,1024x1024,transparent,redrawn flat 2D vector icon
59,Arms,Tricep Pushdown,arms/059_tricep_pushdown.png,arms/059_tricep_pushdown.svg,1024x1024,transparent,redrawn flat 2D vector icon
60,Arms,Tricep Extension,arms/060_tricep_extension.png,arms/060_tricep_extension.svg,1024x1024,transparent,redrawn flat 2D vector icon
61,Arms,Overhead Tricep Extension,arms/061_overhead_tricep_extension.png,arms/061_overhead_tricep_extension.svg,1024x1024,transparent,redrawn flat 2D vector icon
62,Arms,Barbell Skull Crusher,arms/062_barbell_skull_crusher.png,arms/062_barbell_skull_crusher.svg,1024x1024,transparent,redrawn flat 2D vector icon
63,Arms,Skull Crusher,arms/063_skull_crusher.png,arms/063_skull_crusher.svg,1024x1024,transparent,redrawn flat 2D vector icon
64,Arms,Close-Grip Bench Press,arms/064_close_grip_bench_press.png,arms/064_close_grip_bench_press.svg,1024x1024,transparent,redrawn flat 2D vector icon
65,Arms,Diamond Push-Up,arms/065_diamond_push_up.png,arms/065_diamond_push_up.svg,1024x1024,transparent,redrawn flat 2D vector icon
66,Arms,Bench Dip,arms/066_bench_dip.png,arms/066_bench_dip.svg,1024x1024,transparent,redrawn flat 2D vector icon
67,Arms,Cable Kickback,arms/067_cable_kickback.png,arms/067_cable_kickback.svg,1024x1024,transparent,redrawn flat 2D vector icon
68,Legs,Squat,legs/068_squat.png,legs/068_squat.svg,1024x1024,transparent,redrawn flat 2D vector icon
69,Legs,Dumbbell Squat,legs/069_dumbbell_squat.png,legs/069_dumbbell_squat.svg,1024x1024,transparent,redrawn flat 2D vector icon
70,Legs,Front Squat,legs/070_front_squat.png,legs/070_front_squat.svg,1024x1024,transparent,redrawn flat 2D vector icon
71,Legs,Goblet Squat,legs/071_goblet_squat.png,legs/071_goblet_squat.svg,1024x1024,transparent,redrawn flat 2D vector icon
72,Legs,Sumo Squat,legs/072_sumo_squat.png,legs/072_sumo_squat.svg,1024x1024,transparent,redrawn flat 2D vector icon
73,Legs,Box Squat,legs/073_box_squat.png,legs/073_box_squat.svg,1024x1024,transparent,redrawn flat 2D vector icon
74,Legs,Pistol Squat,legs/074_pistol_squat.png,legs/074_pistol_squat.svg,1024x1024,transparent,redrawn flat 2D vector icon
75,Legs,Leg Press,legs/075_leg_press.png,legs/075_leg_press.svg,1024x1024,transparent,redrawn flat 2D vector icon
76,Legs,Hack Squat,legs/076_hack_squat.png,legs/076_hack_squat.svg,1024x1024,transparent,redrawn flat 2D vector icon
77,Legs,Leg Extension,legs/077_leg_extension.png,legs/077_leg_extension.svg,1024x1024,transparent,redrawn flat 2D vector icon
78,Legs,Lying Leg Curl Machine,legs/078_lying_leg_curl_machine.png,legs/078_lying_leg_curl_machine.svg,1024x1024,transparent,redrawn flat 2D vector icon
79,Legs,Seated Leg Curl,legs/079_seated_leg_curl.png,legs/079_seated_leg_curl.svg,1024x1024,transparent,redrawn flat 2D vector icon
80,Legs,Nordic Hamstring Curl,legs/080_nordic_hamstring_curl.png,legs/080_nordic_hamstring_curl.svg,1024x1024,transparent,redrawn flat 2D vector icon
81,Legs,Walking Lunge,legs/081_walking_lunge.png,legs/081_walking_lunge.svg,1024x1024,transparent,redrawn flat 2D vector icon
82,Legs,Reverse Lunge,legs/082_reverse_lunge.png,legs/082_reverse_lunge.svg,1024x1024,transparent,redrawn flat 2D vector icon
83,Legs,Bulgarian Split Squat,legs/083_bulgarian_split_squat.png,legs/083_bulgarian_split_squat.svg,1024x1024,transparent,redrawn flat 2D vector icon
84,Legs,Step-Up,legs/084_step_up.png,legs/084_step_up.svg,1024x1024,transparent,redrawn flat 2D vector icon
85,Legs,Hip Thrust,legs/085_hip_thrust.png,legs/085_hip_thrust.svg,1024x1024,transparent,redrawn flat 2D vector icon
86,Legs,Barbell Hip Thrust,legs/086_barbell_hip_thrust.png,legs/086_barbell_hip_thrust.svg,1024x1024,transparent,redrawn flat 2D vector icon
87,Legs,Glute Bridge,legs/087_glute_bridge.png,legs/087_glute_bridge.svg,1024x1024,transparent,redrawn flat 2D vector icon
88,Legs,Hip Abduction Machine,legs/088_hip_abduction_machine.png,legs/088_hip_abduction_machine.svg,1024x1024,transparent,redrawn flat 2D vector icon
89,Legs,Hip Adduction Machine,legs/089_hip_adduction_machine.png,legs/089_hip_adduction_machine.svg,1024x1024,transparent,redrawn flat 2D vector icon
90,Legs,Calf Raise,legs/090_calf_raise.png,legs/090_calf_raise.svg,1024x1024,transparent,redrawn flat 2D vector icon
91,Legs,Seated Calf Raise,legs/091_seated_calf_raise.png,legs/091_seated_calf_raise.svg,1024x1024,transparent,redrawn flat 2D vector icon
92,Legs,Sissy Squat,legs/092_sissy_squat.png,legs/092_sissy_squat.svg,1024x1024,transparent,redrawn flat 2D vector icon
93,Core,Plank,core/093_plank.png,core/093_plank.svg,1024x1024,transparent,redrawn flat 2D vector icon
94,Core,Side Plank,core/094_side_plank.png,core/094_side_plank.svg,1024x1024,transparent,redrawn flat 2D vector icon
95,Core,Crunch,core/095_crunch.png,core/095_crunch.svg,1024x1024,transparent,redrawn flat 2D vector icon
96,Core,Bicycle Crunch,core/096_bicycle_crunch.png,core/096_bicycle_crunch.svg,1024x1024,transparent,redrawn flat 2D vector icon
97,Core,Cable Crunch,core/097_cable_crunch.png,core/097_cable_crunch.svg,1024x1024,transparent,redrawn flat 2D vector icon
98,Core,Sit-Up,core/098_sit_up.png,core/098_sit_up.svg,1024x1024,transparent,redrawn flat 2D vector icon
99,Core,V-Up,core/099_v_up.png,core/099_v_up.svg,1024x1024,transparent,redrawn flat 2D vector icon
100,Core,Hanging Leg Raise,core/100_hanging_leg_raise.png,core/100_hanging_leg_raise.svg,1024x1024,transparent,redrawn flat 2D vector icon
101,Core,Ab Wheel Rollout,core/101_ab_wheel_rollout.png,core/101_ab_wheel_rollout.svg,1024x1024,transparent,redrawn flat 2D vector icon
102,Core,Cable Woodchopper,core/102_cable_woodchopper.png,core/102_cable_woodchopper.svg,1024x1024,transparent,redrawn flat 2D vector icon
103,Core,Russian Twist,core/103_russian_twist.png,core/103_russian_twist.svg,1024x1024,transparent,redrawn flat 2D vector icon
104,Core,Dead Bug,core/104_dead_bug.png,core/104_dead_bug.svg,1024x1024,transparent,redrawn flat 2D vector icon
105,Core,Mountain Climber,core/105_mountain_climber.png,core/105_mountain_climber.svg,1024x1024,transparent,redrawn flat 2D vector icon
106,Full Body - Conditioning,Kettlebell Swing,full_body_conditioning/106_kettlebell_swing.png,full_body_conditioning/106_kettlebell_swing.svg,1024x1024,transparent,redrawn flat 2D vector icon
107,Full Body - Conditioning,Farmer's Carry,full_body_conditioning/107_farmer_s_carry.png,full_body_conditioning/107_farmer_s_carry.svg,1024x1024,transparent,redrawn flat 2D vector icon
108,Full Body - Conditioning,Thruster,full_body_conditioning/108_thruster.png,full_body_conditioning/108_thruster.svg,1024x1024,transparent,redrawn flat 2D vector icon
109,Full Body - Conditioning,Burpee,full_body_conditioning/109_burpee.png,full_body_conditioning/109_burpee.svg,1024x1024,transparent,redrawn flat 2D vector icon
110,Full Body - Conditioning,Devil Press,full_body_conditioning/110_devil_press.png,full_body_conditioning/110_devil_press.svg,1024x1024,transparent,redrawn flat 2D vector icon
111,Full Body - Conditioning,Clean and Jerk,full_body_conditioning/111_clean_and_jerk.png,full_body_conditioning/111_clean_and_jerk.svg,1024x1024,transparent,redrawn flat 2D vector icon
112,Full Body - Conditioning,Snatch,full_body_conditioning/112_snatch.png,full_body_conditioning/112_snatch.svg,1024x1024,transparent,redrawn flat 2D vector icon
113,Full Body - Conditioning,Wall Ball Shot,full_body_conditioning/113_wall_ball_shot.png,full_body_conditioning/113_wall_ball_shot.svg,1024x1024,transparent,redrawn flat 2D vector icon
114,Full Body - Conditioning,Sled Push,full_body_conditioning/114_sled_push.png,full_body_conditioning/114_sled_push.svg,1024x1024,transparent,redrawn flat 2D vector icon
115,Full Body - Conditioning,Sled Pull,full_body_conditioning/115_sled_pull.png,full_body_conditioning/115_sled_pull.svg,1024x1024,transparent,redrawn flat 2D vector icon
116,Full Body - Conditioning,Box Jump Over,full_body_conditioning/116_box_jump_over.png,full_body_conditioning/116_box_jump_over.svg,1024x1024,transparent,redrawn flat 2D vector icon
117,Full Body - Conditioning,Rowing Machine Intervals,full_body_conditioning/117_rowing_machine_intervals.png,full_body_conditioning/117_rowing_machine_intervals.svg,1024x1024,transparent,redrawn flat 2D vector icon
118,Full Body - Conditioning,Assault Bike Intervals,full_body_conditioning/118_assault_bike_intervals.png,full_body_conditioning/118_assault_bike_intervals.svg,1024x1024,transparent,redrawn flat 2D vector icon
119,Mobility & Flexibility,World's Greatest Stretch,mobility_and_flexibility/119_world_s_greatest_stretch.png,mobility_and_flexibility/119_world_s_greatest_stretch.svg,1024x1024,transparent,redrawn flat 2D vector icon
120,Mobility & Flexibility,Cat-Cow Stretch,mobility_and_flexibility/120_cat_cow_stretch.png,mobility_and_flexibility/120_cat_cow_stretch.svg,1024x1024,transparent,redrawn flat 2D vector icon
121,Mobility & Flexibility,Thoracic Spine Rotation,mobility_and_flexibility/121_thoracic_spine_rotation.png,mobility_and_flexibility/121_thoracic_spine_rotation.svg,1024x1024,transparent,redrawn flat 2D vector icon
122,Mobility & Flexibility,90/90 Hip Stretch,mobility_and_flexibility/122_90_90_hip_stretch.png,mobility_and_flexibility/122_90_90_hip_stretch.svg,1024x1024,transparent,redrawn flat 2D vector icon
123,Mobility & Flexibility,Deep Squat Hold,mobility_and_flexibility/123_deep_squat_hold.png,mobility_and_flexibility/123_deep_squat_hold.svg,1024x1024,transparent,redrawn flat 2D vector icon
124,Mobility & Flexibility,Cossack Squat,mobility_and_flexibility/124_cossack_squat.png,mobility_and_flexibility/124_cossack_squat.svg,1024x1024,transparent,redrawn flat 2D vector icon
125,Mobility & Flexibility,Hip Flexor Stretch,mobility_and_flexibility/125_hip_flexor_stretch.png,mobility_and_flexibility/125_hip_flexor_stretch.svg,1024x1024,transparent,redrawn flat 2D vector icon
126,Mobility & Flexibility,Pigeon Pose,mobility_and_flexibility/126_pigeon_pose.png,mobility_and_flexibility/126_pigeon_pose.svg,1024x1024,transparent,redrawn flat 2D vector icon
127,Mobility & Flexibility,Downward Dog,mobility_and_flexibility/127_downward_dog.png,mobility_and_flexibility/127_downward_dog.svg,1024x1024,transparent,redrawn flat 2D vector icon
128,Mobility & Flexibility,Shoulder Dislocates,mobility_and_flexibility/128_shoulder_dislocates.png,mobility_and_flexibility/128_shoulder_dislocates.svg,1024x1024,transparent,redrawn flat 2D vector icon
129,Mobility & Flexibility,Arm Circles,mobility_and_flexibility/129_arm_circles.png,mobility_and_flexibility/129_arm_circles.svg,1024x1024,transparent,redrawn flat 2D vector icon
130,Mobility & Flexibility,Band Pull-Apart,mobility_and_flexibility/130_band_pull_apart.png,mobility_and_flexibility/130_band_pull_apart.svg,1024x1024,transparent,redrawn flat 2D vector icon
131,Mobility & Flexibility,Wall Slides,mobility_and_flexibility/131_wall_slides.png,mobility_and_flexibility/131_wall_slides.svg,1024x1024,transparent,redrawn flat 2D vector icon
132,Mobility & Flexibility,Leg Swings,mobility_and_flexibility/132_leg_swings.png,mobility_and_flexibility/132_leg_swings.svg,1024x1024,transparent,redrawn flat 2D vector icon
133,Mobility & Flexibility,Walking Knee Hug,mobility_and_flexibility/133_walking_knee_hug.png,mobility_and_flexibility/133_walking_knee_hug.svg,1024x1024,transparent,redrawn flat 2D vector icon
134,Mobility & Flexibility,Spiderman Lunge with Reach,mobility_and_flexibility/134_spiderman_lunge_with_reach.png,mobility_and_flexibility/134_spiderman_lunge_with_reach.svg,1024x1024,transparent,redrawn flat 2D vector icon
135,Mobility & Flexibility,Standing Quad Stretch,mobility_and_flexibility/135_standing_quad_stretch.png,mobility_and_flexibility/135_standing_quad_stretch.svg,1024x1024,transparent,redrawn flat 2D vector icon
136,Mobility & Flexibility,Ankle Mobility Drill,mobility_and_flexibility/136_ankle_mobility_drill.png,mobility_and_flexibility/136_ankle_mobility_drill.svg,1024x1024,transparent,redrawn flat 2D vector icon
137,Mobility & Flexibility,Scorpion Stretch,mobility_and_flexibility/137_scorpion_stretch.png,mobility_and_flexibility/137_scorpion_stretch.svg,1024x1024,transparent,redrawn flat 2D vector icon
138,Mobility & Flexibility,Foam Rolling,mobility_and_flexibility/138_foam_rolling.png,mobility_and_flexibility/138_foam_rolling.svg,1024x1024,transparent,redrawn flat 2D vector icon
139,Athletic - Speed & Agility,Sprint Starts,athletic_speed_and_agility/139_sprint_starts.png,athletic_speed_and_agility/139_sprint_starts.svg,1024x1024,transparent,redrawn flat 2D vector icon
140,Athletic - Speed & Agility,Flying Sprints,athletic_speed_and_agility/140_flying_sprints.png,athletic_speed_and_agility/140_flying_sprints.svg,1024x1024,transparent,redrawn flat 2D vector icon
141,Athletic - Speed & Agility,Hill Sprints,athletic_speed_and_agility/141_hill_sprints.png,athletic_speed_and_agility/141_hill_sprints.svg,1024x1024,transparent,redrawn flat 2D vector icon
142,Athletic - Speed & Agility,Resisted Sprint (Sled Push),athletic_speed_and_agility/142_resisted_sprint_sled_push.png,athletic_speed_and_agility/142_resisted_sprint_sled_push.svg,1024x1024,transparent,redrawn flat 2D vector icon
143,Athletic - Speed & Agility,Sled Drag,athletic_speed_and_agility/143_sled_drag.png,athletic_speed_and_agility/143_sled_drag.svg,1024x1024,transparent,redrawn flat 2D vector icon
144,Athletic - Speed & Agility,Box Jump,athletic_speed_and_agility/144_box_jump.png,athletic_speed_and_agility/144_box_jump.svg,1024x1024,transparent,redrawn flat 2D vector icon
145,Athletic - Speed & Agility,Depth Jump,athletic_speed_and_agility/145_depth_jump.png,athletic_speed_and_agility/145_depth_jump.svg,1024x1024,transparent,redrawn flat 2D vector icon
146,Athletic - Speed & Agility,Broad Jump,athletic_speed_and_agility/146_broad_jump.png,athletic_speed_and_agility/146_broad_jump.svg,1024x1024,transparent,redrawn flat 2D vector icon
147,Athletic - Speed & Agility,Lateral Bound,athletic_speed_and_agility/147_lateral_bound.png,athletic_speed_and_agility/147_lateral_bound.svg,1024x1024,transparent,redrawn flat 2D vector icon
148,Athletic - Speed & Agility,Single-Leg Bound,athletic_speed_and_agility/148_single_leg_bound.png,athletic_speed_and_agility/148_single_leg_bound.svg,1024x1024,transparent,redrawn flat 2D vector icon
149,Athletic - Speed & Agility,Agility Ladder Drills,athletic_speed_and_agility/149_agility_ladder_drills.png,athletic_speed_and_agility/149_agility_ladder_drills.svg,1024x1024,transparent,redrawn flat 2D vector icon
150,Athletic - Speed & Agility,Cone Shuttle Run,athletic_speed_and_agility/150_cone_shuttle_run.png,athletic_speed_and_agility/150_cone_shuttle_run.svg,1024x1024,transparent,redrawn flat 2D vector icon
151,Athletic - Speed & Agility,5-10-5 Pro Agility Drill,athletic_speed_and_agility/151_5_10_5_pro_agility_drill.png,athletic_speed_and_agility/151_5_10_5_pro_agility_drill.svg,1024x1024,transparent,redrawn flat 2D vector icon
152,Athletic - Speed & Agility,T-Drill,athletic_speed_and_agility/152_t_drill.png,athletic_speed_and_agility/152_t_drill.svg,1024x1024,transparent,redrawn flat 2D vector icon
153,Athletic - Speed & Agility,Reactive Ball Drop Drill,athletic_speed_and_agility/153_reactive_ball_drop_drill.png,athletic_speed_and_agility/153_reactive_ball_drop_drill.svg,1024x1024,transparent,redrawn flat 2D vector icon
154,Athletic - Speed & Agility,Medicine Ball Rotational Throw,athletic_speed_and_agility/154_medicine_ball_rotational_throw.png,athletic_speed_and_agility/154_medicine_ball_rotational_throw.svg,1024x1024,transparent,redrawn flat 2D vector icon
155,Athletic - Speed & Agility,Medicine Ball Chest Pass,athletic_speed_and_agility/155_medicine_ball_chest_pass.png,athletic_speed_and_agility/155_medicine_ball_chest_pass.svg,1024x1024,transparent,redrawn flat 2D vector icon
156,Athletic - Speed & Agility,Medicine Ball Slam,athletic_speed_and_agility/156_medicine_ball_slam.png,athletic_speed_and_agility/156_medicine_ball_slam.svg,1024x1024,transparent,redrawn flat 2D vector icon
157,Athletic - Speed & Agility,Jump Rope,athletic_speed_and_agility/157_jump_rope.png,athletic_speed_and_agility/157_jump_rope.svg,1024x1024,transparent,redrawn flat 2D vector icon
158,Athletic - Speed & Agility,High Knees,athletic_speed_and_agility/158_high_knees.png,athletic_speed_and_agility/158_high_knees.svg,1024x1024,transparent,redrawn flat 2D vector icon
159,Athletic - Speed & Agility,Butt Kicks,athletic_speed_and_agility/159_butt_kicks.png,athletic_speed_and_agility/159_butt_kicks.svg,1024x1024,transparent,redrawn flat 2D vector icon
160,Athletic - Speed & Agility,A-Skip,athletic_speed_and_agility/160_a_skip.png,athletic_speed_and_agility/160_a_skip.svg,1024x1024,transparent,redrawn flat 2D vector icon
161,Athletic - Speed & Agility,B-Skip,athletic_speed_and_agility/161_b_skip.png,athletic_speed_and_agility/161_b_skip.svg,1024x1024,transparent,redrawn flat 2D vector icon
162,Athletic - Speed & Agility,Bounding,athletic_speed_and_agility/162_bounding.png,athletic_speed_and_agility/162_bounding.svg,1024x1024,transparent,redrawn flat 2D vector icon
163,Athletic - Speed & Agility,Plyo Push-Up,athletic_speed_and_agility/163_plyo_push_up.png,athletic_speed_and_agility/163_plyo_push_up.svg,1024x1024,transparent,redrawn flat 2D vector icon
164,Athletic - Speed & Agility,Squat Jump,athletic_speed_and_agility/164_squat_jump.png,athletic_speed_and_agility/164_squat_jump.svg,1024x1024,transparent,redrawn flat 2D vector icon
165,Athletic - Speed & Agility,Tuck Jump,athletic_speed_and_agility/165_tuck_jump.png,athletic_speed_and_agility/165_tuck_jump.svg,1024x1024,transparent,redrawn flat 2D vector icon
166,Athletic - Speed & Agility,Lateral Skater Jump,athletic_speed_and_agility/166_lateral_skater_jump.png,athletic_speed_and_agility/166_lateral_skater_jump.svg,1024x1024,transparent,redrawn flat 2D vector icon
167,Functional - Real-World Strength,Suitcase Carry,functional_real_world_strength/167_suitcase_carry.png,functional_real_world_strength/167_suitcase_carry.svg,1024x1024,transparent,redrawn flat 2D vector icon
168,Functional - Real-World Strength,Overhead Carry,functional_real_world_strength/168_overhead_carry.png,functional_real_world_strength/168_overhead_carry.svg,1024x1024,transparent,redrawn flat 2D vector icon
169,Functional - Real-World Strength,Sandbag Carry,functional_real_world_strength/169_sandbag_carry.png,functional_real_world_strength/169_sandbag_carry.svg,1024x1024,transparent,redrawn flat 2D vector icon
170,Functional - Real-World Strength,Sandbag Clean,functional_real_world_strength/170_sandbag_clean.png,functional_real_world_strength/170_sandbag_clean.svg,1024x1024,transparent,redrawn flat 2D vector icon
171,Functional - Real-World Strength,Sandbag Shouldering,functional_real_world_strength/171_sandbag_shouldering.png,functional_real_world_strength/171_sandbag_shouldering.svg,1024x1024,transparent,redrawn flat 2D vector icon
172,Functional - Real-World Strength,Zercher Carry,functional_real_world_strength/172_zercher_carry.png,functional_real_world_strength/172_zercher_carry.svg,1024x1024,transparent,redrawn flat 2D vector icon
173,Functional - Real-World Strength,Yoke Walk,functional_real_world_strength/173_yoke_walk.png,functional_real_world_strength/173_yoke_walk.svg,1024x1024,transparent,redrawn flat 2D vector icon
174,Functional - Real-World Strength,Turkish Get-Up,functional_real_world_strength/174_turkish_get_up.png,functional_real_world_strength/174_turkish_get_up.svg,1024x1024,transparent,redrawn flat 2D vector icon
175,Functional - Real-World Strength,Bear Crawl,functional_real_world_strength/175_bear_crawl.png,functional_real_world_strength/175_bear_crawl.svg,1024x1024,transparent,redrawn flat 2D vector icon
176,Functional - Real-World Strength,Crawling Drill,functional_real_world_strength/176_crawling_drill.png,functional_real_world_strength/176_crawling_drill.svg,1024x1024,transparent,redrawn flat 2D vector icon
177,Functional - Real-World Strength,Sit-to-Stand,functional_real_world_strength/177_sit_to_stand.png,functional_real_world_strength/177_sit_to_stand.svg,1024x1024,transparent,redrawn flat 2D vector icon
178,Functional - Real-World Strength,Floor-to-Stand Get-Up,functional_real_world_strength/178_floor_to_stand_get_up.png,functional_real_world_strength/178_floor_to_stand_get_up.svg,1024x1024,transparent,redrawn flat 2D vector icon
179,Functional - Real-World Strength,Loaded Stair Climb,functional_real_world_strength/179_loaded_stair_climb.png,functional_real_world_strength/179_loaded_stair_climb.svg,1024x1024,transparent,redrawn flat 2D vector icon
180,Functional - Real-World Strength,Tire Flip,functional_real_world_strength/180_tire_flip.png,functional_real_world_strength/180_tire_flip.svg,1024x1024,transparent,redrawn flat 2D vector icon
181,Functional - Real-World Strength,Deadlift to Shoulder (Sandbag),functional_real_world_strength/181_deadlift_to_shoulder_sandbag.png,functional_real_world_strength/181_deadlift_to_shoulder_sandbag.svg,1024x1024,transparent,redrawn flat 2D vector icon
182,Functional - Real-World Strength,Zercher Squat,functional_real_world_strength/182_zercher_squat.png,functional_real_world_strength/182_zercher_squat.svg,1024x1024,transparent,redrawn flat 2D vector icon
183,Functional - Real-World Strength,Suitcase Deadlift,functional_real_world_strength/183_suitcase_deadlift.png,functional_real_world_strength/183_suitcase_deadlift.svg,1024x1024,transparent,redrawn flat 2D vector icon
184,Functional - Real-World Strength,Single-Arm Farmer's Carry,functional_real_world_strength/184_single_arm_farmer_s_carry.png,functional_real_world_strength/184_single_arm_farmer_s_carry.svg,1024x1024,transparent,redrawn flat 2D vector icon
185,Functional - Real-World Strength,Wheelbarrow Carry,functional_real_world_strength/185_wheelbarrow_carry.png,functional_real_world_strength/185_wheelbarrow_carry.svg,1024x1024,transparent,redrawn flat 2D vector icon
186,Functional - Real-World Strength,Log Press,functional_real_world_strength/186_log_press.png,functional_real_world_strength/186_log_press.svg,1024x1024,transparent,redrawn flat 2D vector icon
187,Functional - Real-World Strength,Atlas Stone Lift,functional_real_world_strength/187_atlas_stone_lift.png,functional_real_world_strength/187_atlas_stone_lift.svg,1024x1024,transparent,redrawn flat 2D vector icon
188,Functional - Real-World Strength,Keg Carry,functional_real_world_strength/188_keg_carry.png,functional_real_world_strength/188_keg_carry.svg,1024x1024,transparent,redrawn flat 2D vector icon
189,Balance & Stability,Single-Leg Balance Hold,balance_and_stability/189_single_leg_balance_hold.png,balance_and_stability/189_single_leg_balance_hold.svg,1024x1024,transparent,redrawn flat 2D vector icon
190,Balance & Stability,Single-Leg Romanian Deadlift,balance_and_stability/190_single_leg_romanian_deadlift.png,balance_and_stability/190_single_leg_romanian_deadlift.svg,1024x1024,transparent,redrawn flat 2D vector icon
191,Balance & Stability,Bosu Ball Squat,balance_and_stability/191_bosu_ball_squat.png,balance_and_stability/191_bosu_ball_squat.svg,1024x1024,transparent,redrawn flat 2D vector icon
192,Balance & Stability,Bosu Ball Balance Hold,balance_and_stability/192_bosu_ball_balance_hold.png,balance_and_stability/192_bosu_ball_balance_hold.svg,1024x1024,transparent,redrawn flat 2D vector icon
193,Balance & Stability,Single-Leg Box Step-Down,balance_and_stability/193_single_leg_box_step_down.png,balance_and_stability/193_single_leg_box_step_down.svg,1024x1024,transparent,redrawn flat 2D vector icon
194,Balance & Stability,Tandem Stance Hold,balance_and_stability/194_tandem_stance_hold.png,balance_and_stability/194_tandem_stance_hold.svg,1024x1024,transparent,redrawn flat 2D vector icon
195,Balance & Stability,Heel-to-Toe Walk,balance_and_stability/195_heel_to_toe_walk.png,balance_and_stability/195_heel_to_toe_walk.svg,1024x1024,transparent,redrawn flat 2D vector icon
196,Balance & Stability,Single-Leg Deadlift Reach,balance_and_stability/196_single_leg_deadlift_reach.png,balance_and_stability/196_single_leg_deadlift_reach.svg,1024x1024,transparent,redrawn flat 2D vector icon
197,Balance & Stability,Stability Ball Plank,balance_and_stability/197_stability_ball_plank.png,balance_and_stability/197_stability_ball_plank.svg,1024x1024,transparent,redrawn flat 2D vector icon
198,Balance & Stability,Stability Ball Hamstring Curl,balance_and_stability/198_stability_ball_hamstring_curl.png,balance_and_stability/198_stability_ball_hamstring_curl.svg,1024x1024,transparent,redrawn flat 2D vector icon
199,Balance & Stability,Single-Leg Glute Bridge,balance_and_stability/199_single_leg_glute_bridge.png,balance_and_stability/199_single_leg_glute_bridge.svg,1024x1024,transparent,redrawn flat 2D vector icon
200,Balance & Stability,Balance Beam Walk,balance_and_stability/200_balance_beam_walk.png,balance_and_stability/200_balance_beam_walk.svg,1024x1024,transparent,redrawn flat 2D vector icon
201,Balance & Stability,Slackline Balance,balance_and_stability/201_slackline_balance.png,balance_and_stability/201_slackline_balance.svg,1024x1024,transparent,redrawn flat 2D vector icon
202,Balance & Stability,Single-Leg Hop and Stick,balance_and_stability/202_single_leg_hop_and_stick.png,balance_and_stability/202_single_leg_hop_and_stick.svg,1024x1024,transparent,redrawn flat 2D vector icon
203,Balance & Stability,Wobble Board Balance,balance_and_stability/203_wobble_board_balance.png,balance_and_stability/203_wobble_board_balance.svg,1024x1024,transparent,redrawn flat 2D vector icon
204,Balance & Stability,Pallof Press,balance_and_stability/204_pallof_press.png,balance_and_stability/204_pallof_press.svg,1024x1024,transparent,redrawn flat 2D vector icon
205,Balance & Stability,Standing Y-Balance Reach,balance_and_stability/205_standing_y_balance_reach.png,balance_and_stability/205_standing_y_balance_reach.svg,1024x1024,transparent,redrawn flat 2D vector icon
206,Prenatal - Low-Impact,Prenatal Cat-Cow Stretch,prenatal_low_impact/206_prenatal_cat_cow_stretch.png,prenatal_low_impact/206_prenatal_cat_cow_stretch.svg,1024x1024,transparent,redrawn flat 2D vector icon
207,Prenatal - Low-Impact,Pelvic Tilt,prenatal_low_impact/207_pelvic_tilt.png,prenatal_low_impact/207_pelvic_tilt.svg,1024x1024,transparent,redrawn flat 2D vector icon
208,Prenatal - Low-Impact,Kegel Exercise,prenatal_low_impact/208_kegel_exercise.png,prenatal_low_impact/208_kegel_exercise.svg,1024x1024,transparent,redrawn flat 2D vector icon
209,Prenatal - Low-Impact,Bird Dog,prenatal_low_impact/209_bird_dog.png,prenatal_low_impact/209_bird_dog.svg,1024x1024,transparent,redrawn flat 2D vector icon
210,Prenatal - Low-Impact,Wall Push-Up,prenatal_low_impact/210_wall_push_up.png,prenatal_low_impact/210_wall_push_up.svg,1024x1024,transparent,redrawn flat 2D vector icon
211,Prenatal - Low-Impact,Seated Row (Band),prenatal_low_impact/211_seated_row_band.png,prenatal_low_impact/211_seated_row_band.svg,1024x1024,transparent,redrawn flat 2D vector icon
212,Prenatal - Low-Impact,Standing Band Row,prenatal_low_impact/212_standing_band_row.png,prenatal_low_impact/212_standing_band_row.svg,1024x1024,transparent,redrawn flat 2D vector icon
213,Prenatal - Low-Impact,Side-Lying Leg Lift,prenatal_low_impact/213_side_lying_leg_lift.png,prenatal_low_impact/213_side_lying_leg_lift.svg,1024x1024,transparent,redrawn flat 2D vector icon
214,Prenatal - Low-Impact,Side-Lying Clam Shell,prenatal_low_impact/214_side_lying_clam_shell.png,prenatal_low_impact/214_side_lying_clam_shell.svg,1024x1024,transparent,redrawn flat 2D vector icon
215,Prenatal - Low-Impact,Prenatal Squat (Supported),prenatal_low_impact/215_prenatal_squat_supported.png,prenatal_low_impact/215_prenatal_squat_supported.svg,1024x1024,transparent,redrawn flat 2D vector icon
216,Prenatal - Low-Impact,Chair Squat,prenatal_low_impact/216_chair_squat.png,prenatal_low_impact/216_chair_squat.svg,1024x1024,transparent,redrawn flat 2D vector icon
217,Prenatal - Low-Impact,Wall Sit (Light),prenatal_low_impact/217_wall_sit_light.png,prenatal_low_impact/217_wall_sit_light.svg,1024x1024,transparent,redrawn flat 2D vector icon
218,Prenatal - Low-Impact,Standing Bicep Curl (Light Dumbbell),prenatal_low_impact/218_standing_bicep_curl_light_dumbbell.png,prenatal_low_impact/218_standing_bicep_curl_light_dumbbell.svg,1024x1024,transparent,redrawn flat 2D vector icon
219,Prenatal - Low-Impact,Seated Shoulder Press (Light),prenatal_low_impact/219_seated_shoulder_press_light.png,prenatal_low_impact/219_seated_shoulder_press_light.svg,1024x1024,transparent,redrawn flat 2D vector icon
220,Prenatal - Low-Impact,Prenatal Walking,prenatal_low_impact/220_prenatal_walking.png,prenatal_low_impact/220_prenatal_walking.svg,1024x1024,transparent,redrawn flat 2D vector icon
221,Prenatal - Low-Impact,Stationary Cycling (Light),prenatal_low_impact/221_stationary_cycling_light.png,prenatal_low_impact/221_stationary_cycling_light.svg,1024x1024,transparent,redrawn flat 2D vector icon
222,Prenatal - Low-Impact,Water Aerobics,prenatal_low_impact/222_water_aerobics.png,prenatal_low_impact/222_water_aerobics.svg,1024x1024,transparent,redrawn flat 2D vector icon
223,Prenatal - Low-Impact,Prenatal Yoga Flow,prenatal_low_impact/223_prenatal_yoga_flow.png,prenatal_low_impact/223_prenatal_yoga_flow.svg,1024x1024,transparent,redrawn flat 2D vector icon
224,Prenatal - Low-Impact,Standing Pelvic Circles,prenatal_low_impact/224_standing_pelvic_circles.png,prenatal_low_impact/224_standing_pelvic_circles.svg,1024x1024,transparent,redrawn flat 2D vector icon
225,Prenatal - Low-Impact,Modified Side Plank (Knee Down),prenatal_low_impact/225_modified_side_plank_knee_down.png,prenatal_low_impact/225_modified_side_plank_knee_down.svg,1024x1024,transparent,redrawn flat 2D vector icon
226,Prenatal - Low-Impact,Seated Leg Extension (Light),prenatal_low_impact/226_seated_leg_extension_light.png,prenatal_low_impact/226_seated_leg_extension_light.svg,1024x1024,transparent,redrawn flat 2D vector icon
227,Prenatal - Low-Impact,Ankle Pumps,prenatal_low_impact/227_ankle_pumps.png,prenatal_low_impact/227_ankle_pumps.svg,1024x1024,transparent,redrawn flat 2D vector icon
